<?xml version="1.0" encoding="utf-8" ?>
<Defs>
<!--=====Adulthood=====-->
<!-- Note: it seems Alien Races throws red errors if you don't set BodyTypes for backstories. Since this mod only has one, I left it as-is, but you really should set them anyway. -->
	<AlienRace.BackstoryDef>
    <defName>Boneweaver</defName>
    <title>Boneweaver</title>
    <titleShort>Boneweaver</titleShort>
    <baseDescription>[PAWN_nameDef] is practiced in the 'art' of Boneweaving. Sculpting sinew and bones of [PAWN_possessive] enemies into orcish fetishes.</baseDescription>
    <bodyTypeGlobal>Fat</bodyTypeGlobal>
    <slot>Adulthood</slot>
    <skillGains>
      <li>
        <defName>Artistic</defName>
        <amount>3</amount>
	 </li>
	 <li>
        <defName>Crafting</defName>
        <amount>2</amount>
      </li>
    </skillGains>
    <spawnCategories>
      <li>OrcBackstory</li>
    </spawnCategories>
  </AlienRace.BackstoryDef>
	<AlienRace.BackstoryDef>
		<defName>MudHand</defName>
		<title>Mud hand</title>
		<titleShort>Mud Hand</titleShort>
		<baseDescription>Although useful, sowing fields is looked down upon in orc culture. The bottom of the social hierarchy, [PAWN_nameDef] was spared from the meat pits by staving off his kin's hunger.</baseDescription>
		<bodyTypeGlobal>Fat</bodyTypeGlobal>
		<slot>Adulthood</slot>
		<workDisables>
		<li>Social</li>
		</workDisables>
		<skillGains>
		  <li>
			<defName>Plants</defName>
			<amount>3</amount>
		  </li>
		</skillGains>
		<spawnCategories>
		  <li>OrcBackstory</li>
		</spawnCategories>
	</AlienRace.BackstoryDef>
	<AlienRace.BackstoryDef>
		<defName>Chanter</defName>
		<title>Chanter</title>
		<titleShort>Chanter</titleShort>
		<baseDescription>Gifted with an unusually wide snout, [PAWN_nameDef]'s bellowing grunts are put to use in orcish rituals and ceremonies.</baseDescription>
		<bodyTypeGlobal>Fat</bodyTypeGlobal>
		<slot>Adulthood</slot>
		<skillGains>
		  <li>
			<defName>Medicine</defName>
			<amount>1</amount>
				 </li>
	 <li>
			<defName>Social</defName>
			<amount>3</amount>
		  </li>
		</skillGains>
		<spawnCategories>
		  <li>OrcBackstory</li>
		</spawnCategories>
	</AlienRace.BackstoryDef>
	<AlienRace.BackstoryDef>
		<defName>DungPusher</defName>
		<title>Dung pusher</title>
		<titleShort>Dung Pusher</titleShort>
		<baseDescription>[PAWN_nameDef] found his place in orcish society as a respected dung pusher, keeping the meat pits filled.</baseDescription>
		<bodyTypeGlobal>Fat</bodyTypeGlobal>
		<slot>Adulthood</slot>
		<skillGains>
		  <li>
			<defName>Social</defName>
			<amount>2</amount>
				 </li>
	 <li>
			<defName>Animals</defName>
			<amount>3</amount>
		  </li>
		</skillGains>
		<workDisables>
		<li>Cleaning</li>
		</workDisables>
		<spawnCategories>
		  <li>OrcBackstory</li>
		</spawnCategories>
	</AlienRace.BackstoryDef>
	<AlienRace.BackstoryDef>
		<defName>King</defName>
		<title>King</title>
		<titleShort>King</titleShort>
		<baseDescription>[PAWN_nameDef] sheds a peerless musk of dominance. Lesser orcs shutter as steam bellows from his great snout. [PAWN_nameDef] spent his days growing bloated off of tribute and having weaker orcs expand his realm.</baseDescription>
		<bodyTypeGlobal>Fat</bodyTypeGlobal>
		<slot>Adulthood</slot>
		<skillGains>
		  <li>
			<defName>Melee</defName>
			<amount>6</amount>
				 </li>
	 <li>
			<defName>Social</defName>
			<amount>6</amount>
		  </li>
		</skillGains>
		<forcedTraits>
			<li>
				<defName>Jealous</defName>
			</li>
		</forcedTraits>
		  <workDisables>
      <li>ManualDumb</li>
    </workDisables>
		<spawnCategories>
		  <li>OrcBackstory</li>
		</spawnCategories>
	</AlienRace.BackstoryDef>
	<AlienRace.BackstoryDef>
		<defName>DenDweller</defName>
		<title>Den dweller</title>
		<titleShort>Den Dweller</titleShort>
		<baseDescription>Cowardly, and with no solid place in orc society, [PAWN_nameDef] survived the meatpits based on fear, wit, instinct, and knowing who to grovel to. For now.</baseDescription>
		<bodyTypeGlobal>Fat</bodyTypeGlobal>
		<slot>Adulthood</slot>
		<skillGains>
		  <li>
			<defName>Shooting</defName>
			<amount>3</amount>
				 </li>
	 <li>
			<defName>Intellectual</defName>
			<amount>1</amount>
		  </li>
		</skillGains>
		<forcedTraits>
			<li>
				<defName>Wimp</defName>
			</li>
		</forcedTraits>
		<spawnCategories>
		  <li>OrcBackstory</li>
		</spawnCategories>
	</AlienRace.BackstoryDef>
	<AlienRace.BackstoryDef>
		<defName>Tinkerer</defName>
		<title>Tinkerer</title>
		<titleShort>Tinkerer</titleShort>
		<baseDescription>While ingenuity is the antithesis of orc culture, [PAWN_nameDef] has a nack for stumbling upon useful ideas. While not full appreciated by his peers, [PAWN_nameDef] was deemed useful enough to not be eaten. </baseDescription>
		<bodyTypeGlobal>Fat</bodyTypeGlobal>
		<slot>Adulthood</slot>
		<skillGains>
		  <li>
			<defName>Intellectual</defName>
			<amount>4</amount>
		  </li>
		</skillGains>
		<spawnCategories>
		  <li>OrcBackstory</li>
		</spawnCategories>
	</AlienRace.BackstoryDef>
	<AlienRace.BackstoryDef>
		<defName>Butcher</defName>
		<title>Butcher</title>
		<titleShort>Butcher</titleShort>
		<baseDescription>An envied position in orc society, [PAWN_nameDef]'s culinary skills and keen clever arm has granted [PAWN_objective] the honor of tending the meatpits.</baseDescription>
		<bodyTypeGlobal>Fat</bodyTypeGlobal>
		<slot>Adulthood</slot>
		<skillGains>
		  <li>
			<defName>Cooking</defName>
			<amount>2</amount>
				 </li>
	 <li>
		  <defName>Melee</defName>
			<amount>3</amount>
		</li>
		</skillGains>
		<spawnCategories>
		  <li>OrcBackstory</li>
		</spawnCategories>
	</AlienRace.BackstoryDef>
	<AlienRace.BackstoryDef>
		<defName>SlaveKeeper</defName>
		<title>Slave keeper</title>
		<titleShort>Slave Keeper</titleShort>
		<baseDescription>[PAWN_nameDef]'s brutal nature and attention to details has landed [PAWN_objective] the lofty position of tending to orcish livestock.</baseDescription>
		<bodyTypeGlobal>Fat</bodyTypeGlobal>
		<slot>Adulthood</slot>
		<skillGains>
		  <li>
			<defName>Social</defName>
			<amount>4</amount>
				 </li>
	 <li>
		  <defName>Melee</defName>
			<amount>3</amount>
		</li>
		</skillGains>
		<spawnCategories>
		  <li>OrcBackstory</li>
		</spawnCategories>
	</AlienRace.BackstoryDef>
	<AlienRace.BackstoryDef>
		<defName>Orc_Bandit</defName>
		<title>Bandit</title>
		<titleShort>Bandit</titleShort>
		<baseDescription>Always an opportunist [PAWN_nameDef] made their way by preying upon farmsteads and lonely roadways, using simple traps and ambushes.</baseDescription>
		<bodyTypeGlobal>Fat</bodyTypeGlobal>
		<slot>Adulthood</slot>
		<skillGains>
		  <li>
		  <defName>Melee</defName>
		<amount>4</amount>
			 </li>
	 <li>
		<defName>Construction</defName>
		<amount>1</amount>
		</li>
		</skillGains>
		<spawnCategories>
		  <li>OrcBackstory</li>
		</spawnCategories>
	</AlienRace.BackstoryDef>
	<AlienRace.BackstoryDef>
		<defName>Orc_Digger</defName>
		<title>Rock scraper</title>
		<titleShort>Rock Scraper</titleShort>
		<baseDescription>With nails as hard as steel, [PAWN_nameDef] was put work expanding tunnel networks of his clans burrows.</baseDescription>
		<bodyTypeGlobal>Fat</bodyTypeGlobal>
		<slot>Adulthood</slot>
		<skillGains>
		  <li>
		  <defName>Mining</defName>
		<amount>4</amount>
			 </li>
	 <li>
		<defName>Construction</defName>
		<amount>2</amount>
		</li>
		</skillGains>
		<spawnCategories>
		  <li>OrcBackstory</li>
		</spawnCategories>
	</AlienRace.BackstoryDef>
	<AlienRace.BackstoryDef>
		<defName>MudSlapper</defName>
		<title>Mud slapper</title>
		<titleShort>Mud Slapper</titleShort>
		<baseDescription>Tedious and thankless work, [PAWN_nameDef] made [PAWN_possessive] by way constructing crude siege works and forts for his clan.</baseDescription>
		<bodyTypeGlobal>Fat</bodyTypeGlobal>
		<slot>Adulthood</slot>
		<skillGains>
		  <li>
		<defName>Crafting</defName>
		<amount>1</amount>
			 </li>
	 <li>
		<defName>Construction</defName>
		<amount>4</amount>
		</li>
		</skillGains>
		<spawnCategories>
		  <li>OrcBackstory</li>
		</spawnCategories>
	</AlienRace.BackstoryDef>
	<AlienRace.BackstoryDef>
		<defName>Orc_Conquerer</defName>
		<title>Conquerer</title>
		<titleShort>Conquerer</titleShort>
		<baseDescription>Lusting for the exaltation of a burning capitals and crumbling fortresses, [PAWN_nameDef] carved a bloody path. A mere whisper of [PAWN_possessive] name inspired terror. </baseDescription>
		<bodyTypeGlobal>Fat</bodyTypeGlobal>
		<slot>Adulthood</slot>
		<skillGains>
		  <li>
		<defName>Melee</defName>
		<amount>7</amount>
		</li>
		</skillGains>
		<forcedTraits>
			<li>
				<defName>Pyromaniac</defName>
			</li>
			</forcedTraits>
		<workDisables>
		<li>PlantWork</li>
		</workDisables>			
		<spawnCategories>
		  <li>OrcBackstory</li>
		</spawnCategories>
	</AlienRace.BackstoryDef>
	<AlienRace.BackstoryDef>
		<defName>CityDweller</defName>
		<title>City dweller</title>
		<titleShort>City Dweller</titleShort>
		<baseDescription>skulking in the waterways of a large town, [PAWN_nameDef] and [PAWN_possessive] clan lead a campaign of terror, emerging at night to hunt for prey before returning to the city depths.</baseDescription>
		<bodyTypeGlobal>Fat</bodyTypeGlobal>
		<slot>Adulthood</slot>
		<skillGains>
		  <li>
		<defName>Mining</defName>
		<amount>1</amount>
			 </li>
	 <li>
		<defName>Construction</defName>
		<amount>3</amount>
		</li>
		</skillGains>
		<spawnCategories>
		  <li>OrcBackstory</li>
		</spawnCategories>
	</AlienRace.BackstoryDef>	

  <!--=====Childhood=====-->
	<AlienRace.BackstoryDef>
    <defName>OgreRaised</defName>
    <title>Ogrekin</title>
    <titleShort>Ogrekin</titleShort>
    <baseDescription>[PAWN_nameDef] was 'raised' by the terrifying Ogre tribes. Too much effort to kill, [PAWN_pronoun] lived off scraps before venturing out into the world. </baseDescription>
    <slot>Childhood</slot>
    <skillGains>
      <li>
        <defName>Melee</defName>
        <amount>3</amount>
      </li>
    </skillGains>
    <spawnCategories>
      <li>OrcBackstory</li>
    </spawnCategories>
	</AlienRace.BackstoryDef>
    <AlienRace.BackstoryDef>
    <defName>Weathered</defName>
    <title>Weathered</title>
    <titleShort>Weathered</titleShort>
    <baseDescription>Born in the wild and left for dead, [PAWN_nameDef] clung onto life. subsisting off insects and roots until [PAWN_pronoun] was large enough to hunt.</baseDescription>
    <slot>Childhood</slot>
    <skillGains>
      <li>
        <defName>Shooting</defName>
        <amount>1</amount>
			 </li>
	 <li>
        <defName>Medicine</defName>
        <amount>2</amount>
		</li>
    </skillGains>
		<forcedTraits>
			<li>
				<defName>Ascetic</defName>
			</li>
		</forcedTraits>
    <spawnCategories>
      <li>OrcBackstory</li>
    </spawnCategories>
  </AlienRace.BackstoryDef>
    <AlienRace.BackstoryDef>
    <defName>Runt</defName>
    <title>Runt</title>
    <titleShort>Runt</titleShort>
    <baseDescription>[PAWN_nameDef] was born the runt of his litter. Always dismissed by his clan, early life was a struggle but the experience hardened [PAWN_objective].</baseDescription>
    <slot>Childhood</slot>
    <skillGains>
      <li>
        <defName>Melee</defName>
        <amount>3</amount>
      </li>
    </skillGains>
    <spawnCategories>
      <li>OrcBackstory</li>
    </spawnCategories>
  </AlienRace.BackstoryDef>
    <AlienRace.BackstoryDef>
    <defName>MisshapenA</defName>
    <title>Misshapen</title>
    <titleShort>Misshapen</titleShort>
    <baseDescription>[PAWN_nameDef] was born with a malformed snout. Such oddities are revered in orc culture as a good omens, and [PAWN_pronoun] was favored by his clan.</baseDescription>
    <slot>Childhood</slot>
    <skillGains>
       <li>
        <defName>Cooking</defName>
        <amount>2</amount>
      </li>
    </skillGains>
		<forcedTraits>
			<li>
				<defName>CreepyBreathing</defName>
			</li>
		</forcedTraits>
    <spawnCategories>
      <li>OrcBackstory</li>
    </spawnCategories>
  </AlienRace.BackstoryDef>
    <AlienRace.BackstoryDef>
    <defName>MisshapenB</defName>
    <title>Misshapen</title>
    <titleShort>Misshapen</titleShort>
    <baseDescription>[PAWN_nameDef] was born with massive tusks, killing his siblings in the womb. Such oddities are seen in orc culture as a omens of great and terrible things, and [PAWN_pronoun] was feared by his clan.</baseDescription>
    <slot>Childhood</slot>
    <skillGains>
        <li>
        <defName>Social</defName>
        <amount>2</amount>
      </li>
    </skillGains>
		<forcedTraits>
			<li>
				<defName>Beauty</defName>
				<degree>-2</degree>
			</li>
		</forcedTraits>
    <spawnCategories>
      <li>OrcBackstory</li>
    </spawnCategories>
  </AlienRace.BackstoryDef>
    <AlienRace.BackstoryDef>
    <defName>Bloodmoon</defName>
    <title>Bloodborn</title>
    <titleShort>Bloodborn</titleShort>
    <baseDescription>[PAWN_nameDef] was born under a blood moon following a successful raid. Such oddities are seen in orc culture as omens of great conquests to come for the clan. [PAWN_pronoun] was drilled from youth to fulfill [PAWN_possessive] destiny.</baseDescription>
    <slot>Childhood</slot>
    <skillGains>
        <li>
        <defName>Melee</defName>
        <amount>2</amount>
      </li>
    </skillGains>
    <spawnCategories>
      <li>OrcBackstory</li>
    </spawnCategories>
  </AlienRace.BackstoryDef>
    <AlienRace.BackstoryDef>
    <defName>GutterRat</defName>
    <title>Gutter rat</title>
    <titleShort>Gutter Rat</titleShort>
    <baseDescription>[PAWN_nameDef] was born in a city, being discarded into its waterways after birth. Subsisting on rats and what drifted through the sewer, [PAWN_nameDef] thrived in the dark.</baseDescription>
    <slot>Childhood</slot>
    <skillGains>
        <li>
        <defName>Crafting</defName>
        <amount>2</amount>
      </li>
    </skillGains>
    <spawnCategories>
      <li>OrcBackstory</li>
    </spawnCategories>
  </AlienRace.BackstoryDef>
    <AlienRace.BackstoryDef>
    <defName>Folktale</defName>
    <title>Folktale</title>
    <titleShort>Folktale</titleShort>
    <baseDescription>[PAWN_nameDef] spent his youth terrorizing the countryside, stealing away farm animals and children in the night and leaving charms in their place. Tales were spun around these vanishings, and he became a local legend.</baseDescription>
    <slot>Childhood</slot>
    <skillGains>
        <li>
        <defName>Artistic</defName>
        <amount>2</amount>
      </li>
    </skillGains>
    <spawnCategories>
      <li>OrcBackstory</li>
    </spawnCategories>
  </AlienRace.BackstoryDef>    
    <AlienRace.BackstoryDef>
    <defName>DemonSpawn</defName>
    <title>Demon spawn</title>
    <titleShort>Demon Spawn</titleShort>
    <baseDescription>Even by orcish standards, [PAWN_nameDef] was seen as overly aggressive in his youth, participating in raids with orcs years his senior.</baseDescription>
    <slot>Childhood</slot>
    <skillGains>
        <li>
        <defName>Melee</defName>
        <amount>2</amount>
			 </li>
	 <li>
		<defName>Shooting</defName>
        <amount>2</amount>
      </li>
    </skillGains>
	    <workDisables>
      <li>Caring</li>
    </workDisables>
    <spawnCategories>
      <li>OrcBackstory</li>
    </spawnCategories>
  </AlienRace.BackstoryDef>    
</Defs>