﻿<?xml version="1.0" encoding="utf-8"?>
<Patch>
  <Operation Class="CombatExtended.PatchOperationMakeGunCECompatible">
    <defName>Gun_HandCannon</defName>
    <statBases>
      <Mass>1.50</Mass>
      <RangedWeapon_Cooldown>12.0</RangedWeapon_Cooldown>
      <SightsEfficiency>0.9</SightsEfficiency>
      <ShotSpread>0.22</ShotSpread>
      <SwayFactor>1.50</SwayFactor>
      <Bulk>1.50</Bulk>
      <WorkToMake>22000</WorkToMake>
    </statBases>
    <costList>
      <Steel>400</Steel>
      <ComponentIndustrial>6</ComponentIndustrial>
    </costList>
    <Properties>
      <recoilAmount>0.60</recoilAmount>
      <verbClass>CombatExtended.Verb_ShootCE</verbClass>
      <hasStandardCommand>true</hasStandardCommand>
      <defaultProjectile>Bullet_Cannonball_CE</defaultProjectile>
      <warmupTime>4.6</warmupTime>
      <range>40</range>
      <soundCast>Shot_ChargeRifle</soundCast>
      <soundCastTail>GunTail_Medium</soundCastTail>
      <muzzleFlashScale>9</muzzleFlashScale>
      <ticksBetweenBurstShots>15</ticksBetweenBurstShots>
      <burstShotCount>1</burstShotCount>
      <targetParams>
        <canTargetLocations>true</canTargetLocations>
      </targetParams>
    </Properties>
    <AmmoUser>
      <magazineSize>1</magazineSize>
      <reloadTime>3.75</reloadTime>
      <ammoSet>AmmoSet_Cannonball</ammoSet>
    </AmmoUser>
    <FireModes>
      <aiUseBurstMode>FALSE</aiUseBurstMode>
    </FireModes>
  </Operation>
  <Operation Class="PatchOperationReplace">
    <xpath>Defs/ThingDef[defName="Gun_HandCannon"]/tools</xpath>
    <value>
      <tools>
        <li Class="CombatExtended.ToolCE">
          <label>grip</label>
          <capacities>
            <li>Blunt</li>
          </capacities>
          <power>12</power>
          <cooldownTime>1.54</cooldownTime>
          <chanceFactor>1.5</chanceFactor>
          <armorPenetrationBlunt>0.555</armorPenetrationBlunt>
          <linkedBodyPartsGroup>Grip</linkedBodyPartsGroup>
        </li>
        <li Class="CombatExtended.ToolCE">
          <label>barrel</label>
          <capacities>
            <li>Poke</li>
          </capacities>
          <power>17</power>
          <cooldownTime>1.9</cooldownTime>
          <armorPenetrationBlunt>0.555</armorPenetrationBlunt>
          <linkedBodyPartsGroup>Muzzle</linkedBodyPartsGroup>
        </li>
      </tools>
    </value>
  </Operation>
  <Operation Class="CombatExtended.PatchOperationMakeGunCECompatible">
    <defName>Javelin</defName>
    <statBases>
      <Mass>2</Mass>
      <RangedWeapon_Cooldown>3</RangedWeapon_Cooldown>
      <SightsEfficiency>0.5</SightsEfficiency>
      <ShotSpread>0.1</ShotSpread>
      <SwayFactor>1</SwayFactor>
      <Bulk>5</Bulk>
      <WorkToMake>13000</WorkToMake>
    </statBases>
    <costList>
      <WoodLog>70</WoodLog>
    </costList>
    <Properties>
      <recoilAmount>0</recoilAmount>
      <verbClass>CombatExtended.Verb_ShootCE</verbClass>
      <hasStandardCommand>true</hasStandardCommand>
      <defaultProjectile>Javelin_Thrown_CE</defaultProjectile>
      <warmupTime>2</warmupTime>
      <range>18</range>
      <soundCast>Interact_BeatFire</soundCast>
    </Properties>
    <FireModes>
      <aiUseBurstMode>FALSE</aiUseBurstMode>
    </FireModes>
  </Operation>
  <Operation Class="PatchOperationReplace">
    <xpath>Defs/ThingDef[defName="Javelin"]/tools</xpath>
    <value>
      <tools>
        <li Class="CombatExtended.ToolCE">
          <label>shaft</label>
          <capacities>
            <li>Blunt</li>
          </capacities>
          <power>8</power>
          <cooldownTime>1.6</cooldownTime>
          <armorPenetrationBlunt>0.555</armorPenetrationBlunt>
        </li>
        <li Class="CombatExtended.ToolCE">
          <label>point</label>
          <capacities>
            <li>Poke</li>
          </capacities>
          <power>10</power>
          <cooldownTime>1.6</cooldownTime>
          <armorPenetrationSharp>0.555</armorPenetrationSharp>
        </li>
      </tools>
    </value>
  </Operation>
  <Operation Class="CombatExtended.PatchOperationMakeGunCECompatible">
    <defName>HeavySling</defName>
    <statBases>
      <Mass>0.5</Mass>
      <RangedWeapon_Cooldown>2</RangedWeapon_Cooldown>
      <SightsEfficiency>0.5</SightsEfficiency>
      <ShotSpread>0.1</ShotSpread>
      <SwayFactor>1</SwayFactor>
      <Bulk>2</Bulk>
      <WorkToMake>12000</WorkToMake>
    </statBases>
    <Properties>
      <recoilAmount>0</recoilAmount>
      <verbClass>CombatExtended.Verb_ShootCE</verbClass>
      <hasStandardCommand>true</hasStandardCommand>
      <defaultProjectile>Ammo_SlingBullet_Stone</defaultProjectile>
      <warmupTime>1</warmupTime>
      <range>20</range>
      <soundAiming>Sling_Aiming</soundAiming>
      <soundCast>Sling_Firing</soundCast>
    </Properties>
    <FireModes>
      <aiUseBurstMode>FALSE</aiUseBurstMode>
    </FireModes>
  </Operation>
  <Operation Class="PatchOperationReplace">
    <xpath>Defs/ThingDef[defName="HeavySling"]/tools</xpath>
    <value>
      <tools>
        <li Class="CombatExtended.ToolCE">
          <label>sling</label>
          <capacities>
            <li>Blunt</li>
          </capacities>
          <power>8</power>
          <cooldownTime>1.6</cooldownTime>
          <armorPenetrationBlunt>0.555</armorPenetrationBlunt>
        </li>
      </tools>
    </value>
  </Operation>
  <Operation Class="PatchOperationReplace">
    <xpath>Defs/ThingDef[defName="MeleeWeapon_GreatMaul"]/tools</xpath>
    <value>
      <tools>
        <li Class="CombatExtended.ToolCE">
          <label>hammer</label>
          <capacities>
            <li>Cut</li>
          </capacities>
          <power>20</power>
          <cooldownTime>2.0</cooldownTime>
          <armorPenetrationBlunt>0.45</armorPenetrationBlunt>
          <armorPenetrationSharp>1.5</armorPenetrationSharp>
        </li>
        <li Class="CombatExtended.ToolCE">
          <label>pick</label>
          <capacities>
            <li>Stab</li>
          </capacities>
          <power>35</power>
          <cooldownTime>3.5</cooldownTime>
          <chanceFactor>1.33</chanceFactor>
          <armorPenetrationBlunt>2.25</armorPenetrationBlunt>
          <armorPenetrationSharp>0.5</armorPenetrationSharp>
        </li>
      </tools>
    </value>
  </Operation>
  <Operation Class="PatchOperationAdd">
    <xpath>Defs/ThingDef[defName="MeleeWeapon_GreatMaul"]/statBases</xpath>
    <value>
      <Bulk>1</Bulk>
    </value>
  </Operation>
  <Operation Class="PatchOperationAdd">
    <xpath>Defs/ThingDef[defName="MeleeWeapon_GreatMaul"]/equippedStatOffsets</xpath>
    <value>
      <MeleeCritChance>0.4</MeleeCritChance>
      <MeleeParryChance>0.25</MeleeParryChance>
    </value>
  </Operation>
  <!-- Add tags -->
  <Operation Class="PatchOperationSequence">
    <success>Always</success>
    <operations>
      <li Class="PatchOperationTest">
        <xpath>Defs/ThingDef[defName="MeleeWeapon_GreatMaul"]/weaponTags</xpath>
        <success>Invert</success>
      </li>
      <li Class="PatchOperationAdd">
        <xpath>Defs/ThingDef[defName="MeleeWeapon_GreatMaul"]</xpath>
        <value>
          <weaponTags />
        </value>
      </li>
    </operations>
  </Operation>
  <Operation Class="PatchOperationAdd">
    <xpath>Defs/ThingDef[defName="MeleeWeapon_GreatMaul"]/weaponTags</xpath>
    <value>
      <li>GiantMelee</li>
    </value>
  </Operation>
  <Operation Class="PatchOperationReplace">
    <xpath>Defs/ThingDef[defName="MeleeWeapon_GreatClub"]/tools</xpath>
    <value>
      <tools>
        <li Class="CombatExtended.ToolCE">
          <label>head</label>
          <capacities>
            <li>Blunt</li>
          </capacities>
          <power>18</power>
          <cooldownTime>2.0</cooldownTime>
          <armorPenetrationBlunt>0.55</armorPenetrationBlunt>
          <armorPenetrationSharp>0.46</armorPenetrationSharp>
        </li>
      </tools>
    </value>
  </Operation>
  <Operation Class="PatchOperationAdd">
    <xpath>Defs/ThingDef[defName="MeleeWeapon_GreatClub"]/statBases</xpath>
    <value>
      <Bulk>1</Bulk>
    </value>
  </Operation>
  <Operation Class="PatchOperationAdd">
    <xpath>Defs/ThingDef[defName="MeleeWeapon_GreatClub"]/equippedStatOffsets</xpath>
    <value>
      <MeleeCritChance>0.4</MeleeCritChance>
      <MeleeParryChance>0.25</MeleeParryChance>
    </value>
  </Operation>
  <!-- Add tags -->
  <Operation Class="PatchOperationSequence">
    <success>Always</success>
    <operations>
      <li Class="PatchOperationTest">
        <xpath>Defs/ThingDef[defName="MeleeWeapon_GreatClub"]/weaponTags</xpath>
        <success>Invert</success>
      </li>
      <li Class="PatchOperationAdd">
        <xpath>Defs/ThingDef[defName="MeleeWeapon_GreatClub"]</xpath>
        <value>
          <weaponTags />
        </value>
      </li>
    </operations>
  </Operation>
  <Operation Class="PatchOperationAdd">
    <xpath>Defs/ThingDef[defName="MeleeWeapon_GreatClub"]/weaponTags</xpath>
    <value>
      <li>GiantMelee</li>
    </value>
  </Operation>
  <!-- ========== Knife ========== -->
  <!-- Patch stats -->
  <Operation Class="PatchOperationReplace">
    <xpath>Defs/ThingDef[defName="MeleeWeapon_GreatAxe"]/tools</xpath>
    <value>
      <tools>
        <li Class="CombatExtended.ToolCE">
          <label>blade</label>
          <capacities>
            <li>Cut</li>
          </capacities>
          <power>40</power>
          <cooldownTime>3.2</cooldownTime>
          <armorPenetrationBlunt>0.956</armorPenetrationBlunt>
          <armorPenetrationSharp>0.43</armorPenetrationSharp>
        </li>
      </tools>
    </value>
  </Operation>
  <Operation Class="PatchOperationAdd">
    <xpath>Defs/ThingDef[defName="MeleeWeapon_GreatAxe"]/statBases</xpath>
    <value>
      <Bulk>1</Bulk>
    </value>
  </Operation>
  <Operation Class="PatchOperationAdd">
    <xpath>Defs/ThingDef[defName="MeleeWeapon_GreatAxe"]/equippedStatOffsets</xpath>
    <value>
      <MeleeCritChance>0.4</MeleeCritChance>
      <MeleeParryChance>0.2</MeleeParryChance>
    </value>
  </Operation>
  <!-- Add tags -->
  <Operation Class="PatchOperationSequence">
    <success>Always</success>
    <operations>
      <li Class="PatchOperationTest">
        <xpath>Defs/ThingDef[defName="MeleeWeapon_GreatAxe"]/weaponTags</xpath>
        <success>Invert</success>
      </li>
      <li Class="PatchOperationAdd">
        <xpath>Defs/ThingDef[defName="MeleeWeapon_GreatAxe"]</xpath>
        <value>
          <weaponTags />
        </value>
      </li>
    </operations>
  </Operation>
  <Operation Class="PatchOperationAdd">
    <xpath>Defs/ThingDef[defName="MeleeWeapon_GreatAxe"]/weaponTags</xpath>
    <value>
      <li>GiantMelee</li>
    </value>
  </Operation>
</Patch>